J_max,G,val,age
0.21,0.2,1,Y
0.21,0.22,1,Y
0.21,0.24,1,Y
0.21,0.26,1,Y
0.21,0.28,1,Y
0.21,0.3,1,Y
0.21,0.32,1,Y
0.21,0.34,1,Y
0.21,0.36,1,Y
0.21,0.38,1,Y
0.21,0.4,1,Y
0.21,0.42,1,Y
0.21,0.44,1,Y
0.21,0.46,1,Y
0.21,0.48,1,Y
0.21,0.5,1,Y
0.22,0.2,1,Y
0.22,0.22,1,Y
0.22,0.24,1,Y
0.22,0.26,1,Y
0.22,0.28,1,Y
0.22,0.3,1,Y
0.22,0.32,1,Y
0.22,0.34,1,Y
0.22,0.36,1,Y
0.22,0.38,1,Y
0.22,0.4,1,Y
0.22,0.42,1,Y
0.22,0.44,1,Y
0.22,0.46,1,Y
0.22,0.48,1,Y
0.22,0.5,1,Y
0.23,0.2,1,Y
0.23,0.22,1,Y
0.23,0.24,1,Y
0.23,0.26,1,Y
0.23,0.28,1,Y
0.23,0.3,1,Y
0.23,0.32,1,Y
0.23,0.34,1,Y
0.23,0.36,1,Y
0.23,0.38,1,Y
0.23,0.4,1,Y
0.23,0.42,1,Y
0.23,0.44,1,Y
0.23,0.46,1,Y
0.23,0.48,1,Y
0.23,0.5,3,Y
0.24,0.2,1,Y
0.24,0.22,1,Y
0.24,0.24,1,Y
0.24,0.26,1,Y
0.24,0.28,1,Y
0.24,0.3,1,Y
0.24,0.32,1,Y
0.24,0.34,1,Y
0.24,0.36,1,Y
0.24,0.38,1,Y
0.24,0.4,1,Y
0.24,0.42,1,Y
0.24,0.44,1,Y
0.24,0.46,1,Y
0.24,0.48,1,Y
0.24,0.5,3,Y
0.25,0.2,1,Y
0.25,0.22,1,Y
0.25,0.24,1,Y
0.25,0.26,1,Y
0.25,0.28,1,Y
0.25,0.3,1,Y
0.25,0.32,1,Y
0.25,0.34,1,Y
0.25,0.36,1,Y
0.25,0.38,1,Y
0.25,0.4,1,Y
0.25,0.42,1,Y
0.25,0.44,1,Y
0.25,0.46,1,Y
0.25,0.48,3,Y
0.25,0.5,3,Y
0.26,0.2,1,Y
0.26,0.22,1,Y
0.26,0.24,1,Y
0.26,0.26,1,Y
0.26,0.28,1,Y
0.26,0.3,1,Y
0.26,0.32,1,Y
0.26,0.34,1,Y
0.26,0.36,1,Y
0.26,0.38,1,Y
0.26,0.4,1,Y
0.26,0.42,1,Y
0.26,0.44,1,Y
0.26,0.46,1,Y
0.26,0.48,3,Y
0.26,0.5,3,Y
0.27,0.2,1,Y
0.27,0.22,1,Y
0.27,0.24,1,Y
0.27,0.26,1,Y
0.27,0.28,1,Y
0.27,0.3,1,Y
0.27,0.32,1,Y
0.27,0.34,1,Y
0.27,0.36,1,Y
0.27,0.38,1,Y
0.27,0.4,1,Y
0.27,0.42,1,Y
0.27,0.44,1,Y
0.27,0.46,1,Y
0.27,0.48,3,Y
0.27,0.5,3,Y
0.28,0.2,1,Y
0.28,0.22,1,Y
0.28,0.24,1,Y
0.28,0.26,1,Y
0.28,0.28,1,Y
0.28,0.3,1,Y
0.28,0.32,1,Y
0.28,0.34,1,Y
0.28,0.36,1,Y
0.28,0.38,1,Y
0.28,0.4,1,Y
0.28,0.42,1,Y
0.28,0.44,1,Y
0.28,0.46,2,Y
0.28,0.48,3,Y
0.28,0.5,3,Y
0.29,0.2,1,Y
0.29,0.22,1,Y
0.29,0.24,1,Y
0.29,0.26,1,Y
0.29,0.28,1,Y
0.29,0.3,1,Y
0.29,0.32,1,Y
0.29,0.34,1,Y
0.29,0.36,1,Y
0.29,0.38,1,Y
0.29,0.4,1,Y
0.29,0.42,1,Y
0.29,0.44,1,Y
0.29,0.46,3,Y
0.29,0.48,3,Y
0.29,0.5,3,Y
0.3,0.2,1,Y
0.3,0.22,1,Y
0.3,0.24,1,Y
0.3,0.26,1,Y
0.3,0.28,1,Y
0.3,0.3,1,Y
0.3,0.32,1,Y
0.3,0.34,1,Y
0.3,0.36,1,Y
0.3,0.38,1,Y
0.3,0.4,1,Y
0.3,0.42,1,Y
0.3,0.44,1,Y
0.3,0.46,3,Y
0.3,0.48,3,Y
0.3,0.5,3,Y
0.31,0.2,1,Y
0.31,0.22,1,Y
0.31,0.24,1,Y
0.31,0.26,1,Y
0.31,0.28,1,Y
0.31,0.3,1,Y
0.31,0.32,1,Y
0.31,0.34,1,Y
0.31,0.36,1,Y
0.31,0.38,1,Y
0.31,0.4,1,Y
0.31,0.42,1,Y
0.31,0.44,1,Y
0.31,0.46,3,Y
0.31,0.48,3,Y
0.31,0.5,3,Y
0.32,0.2,1,Y
0.32,0.22,1,Y
0.32,0.24,1,Y
0.32,0.26,1,Y
0.32,0.28,1,Y
0.32,0.3,1,Y
0.32,0.32,1,Y
0.32,0.34,1,Y
0.32,0.36,1,Y
0.32,0.38,1,Y
0.32,0.4,1,Y
0.32,0.42,1,Y
0.32,0.44,1,Y
0.32,0.46,3,Y
0.32,0.48,3,Y
0.32,0.5,3,Y
0.33,0.2,1,Y
0.33,0.22,1,Y
0.33,0.24,1,Y
0.33,0.26,1,Y
0.33,0.28,1,Y
0.33,0.3,1,Y
0.33,0.32,1,Y
0.33,0.34,1,Y
0.33,0.36,1,Y
0.33,0.38,1,Y
0.33,0.4,1,Y
0.33,0.42,1,Y
0.33,0.44,1,Y
0.33,0.46,3,Y
0.33,0.48,3,Y
0.33,0.5,3,Y
0.34,0.2,1,Y
0.34,0.22,1,Y
0.34,0.24,1,Y
0.34,0.26,1,Y
0.34,0.28,1,Y
0.34,0.3,1,Y
0.34,0.32,1,Y
0.34,0.34,1,Y
0.34,0.36,1,Y
0.34,0.38,1,Y
0.34,0.4,1,Y
0.34,0.42,1,Y
0.34,0.44,1,Y
0.34,0.46,3,Y
0.34,0.48,3,Y
0.34,0.5,3,Y
0.35,0.2,1,Y
0.35,0.22,1,Y
0.35,0.24,1,Y
0.35,0.26,1,Y
0.35,0.28,1,Y
0.35,0.3,1,Y
0.35,0.32,1,Y
0.35,0.34,1,Y
0.35,0.36,1,Y
0.35,0.38,1,Y
0.35,0.4,1,Y
0.35,0.42,1,Y
0.35,0.44,1,Y
0.35,0.46,3,Y
0.35,0.48,3,Y
0.35,0.5,3,Y
0.36,0.2,1,Y
0.36,0.22,1,Y
0.36,0.24,1,Y
0.36,0.26,1,Y
0.36,0.28,1,Y
0.36,0.3,1,Y
0.36,0.32,1,Y
0.36,0.34,1,Y
0.36,0.36,1,Y
0.36,0.38,1,Y
0.36,0.4,1,Y
0.36,0.42,1,Y
0.36,0.44,1,Y
0.36,0.46,3,Y
0.36,0.48,3,Y
0.36,0.5,3,Y
0.37,0.2,1,Y
0.37,0.22,1,Y
0.37,0.24,1,Y
0.37,0.26,1,Y
0.37,0.28,1,Y
0.37,0.3,1,Y
0.37,0.32,1,Y
0.37,0.34,1,Y
0.37,0.36,1,Y
0.37,0.38,1,Y
0.37,0.4,1,Y
0.37,0.42,1,Y
0.37,0.44,1,Y
0.37,0.46,3,Y
0.37,0.48,3,Y
0.37,0.5,3,Y
0.38,0.2,1,Y
0.38,0.22,1,Y
0.38,0.24,1,Y
0.38,0.26,1,Y
0.38,0.28,1,Y
0.38,0.3,1,Y
0.38,0.32,1,Y
0.38,0.34,1,Y
0.38,0.36,1,Y
0.38,0.38,1,Y
0.38,0.4,1,Y
0.38,0.42,1,Y
0.38,0.44,3,Y
0.38,0.46,3,Y
0.38,0.48,3,Y
0.38,0.5,3,Y
0.39,0.2,1,Y
0.39,0.22,1,Y
0.39,0.24,1,Y
0.39,0.26,1,Y
0.39,0.28,1,Y
0.39,0.3,1,Y
0.39,0.32,1,Y
0.39,0.34,1,Y
0.39,0.36,1,Y
0.39,0.38,1,Y
0.39,0.4,1,Y
0.39,0.42,1,Y
0.39,0.44,3,Y
0.39,0.46,3,Y
0.39,0.48,3,Y
0.39,0.5,3,Y
0.4,0.2,1,Y
0.4,0.22,1,Y
0.4,0.24,1,Y
0.4,0.26,1,Y
0.4,0.28,1,Y
0.4,0.3,1,Y
0.4,0.32,1,Y
0.4,0.34,1,Y
0.4,0.36,1,Y
0.4,0.38,1,Y
0.4,0.4,1,Y
0.4,0.42,1,Y
0.4,0.44,3,Y
0.4,0.46,3,Y
0.4,0.48,3,Y
0.4,0.5,3,Y
0.41,0.2,1,Y
0.41,0.22,1,Y
0.41,0.24,1,Y
0.41,0.26,1,Y
0.41,0.28,1,Y
0.41,0.3,1,Y
0.41,0.32,1,Y
0.41,0.34,1,Y
0.41,0.36,1,Y
0.41,0.38,1,Y
0.41,0.4,1,Y
0.41,0.42,1,Y
0.41,0.44,3,Y
0.41,0.46,3,Y
0.41,0.48,3,Y
0.41,0.5,3,Y
0.42,0.2,1,Y
0.42,0.22,1,Y
0.42,0.24,1,Y
0.42,0.26,1,Y
0.42,0.28,1,Y
0.42,0.3,1,Y
0.42,0.32,1,Y
0.42,0.34,1,Y
0.42,0.36,1,Y
0.42,0.38,1,Y
0.42,0.4,1,Y
0.42,0.42,1,Y
0.42,0.44,3,Y
0.42,0.46,3,Y
0.42,0.48,3,Y
0.42,0.5,3,Y
0.43,0.2,1,Y
0.43,0.22,1,Y
0.43,0.24,1,Y
0.43,0.26,1,Y
0.43,0.28,1,Y
0.43,0.3,1,Y
0.43,0.32,1,Y
0.43,0.34,1,Y
0.43,0.36,1,Y
0.43,0.38,1,Y
0.43,0.4,1,Y
0.43,0.42,1,Y
0.43,0.44,3,Y
0.43,0.46,3,Y
0.43,0.48,3,Y
0.43,0.5,3,Y
0.44,0.2,1,Y
0.44,0.22,1,Y
0.44,0.24,1,Y
0.44,0.26,1,Y
0.44,0.28,1,Y
0.44,0.3,1,Y
0.44,0.32,1,Y
0.44,0.34,1,Y
0.44,0.36,1,Y
0.44,0.38,1,Y
0.44,0.4,1,Y
0.44,0.42,3,Y
0.44,0.44,3,Y
0.44,0.46,3,Y
0.44,0.48,3,Y
0.44,0.5,3,Y
0.45,0.2,1,Y
0.45,0.22,1,Y
0.45,0.24,1,Y
0.45,0.26,1,Y
0.45,0.28,1,Y
0.45,0.3,1,Y
0.45,0.32,1,Y
0.45,0.34,1,Y
0.45,0.36,1,Y
0.45,0.38,1,Y
0.45,0.4,1,Y
0.45,0.42,3,Y
0.45,0.44,3,Y
0.45,0.46,3,Y
0.45,0.48,3,Y
0.45,0.5,3,Y
0.46,0.2,1,Y
0.46,0.22,1,Y
0.46,0.24,1,Y
0.46,0.26,1,Y
0.46,0.28,1,Y
0.46,0.3,1,Y
0.46,0.32,1,Y
0.46,0.34,1,Y
0.46,0.36,1,Y
0.46,0.38,1,Y
0.46,0.4,1,Y
0.46,0.42,3,Y
0.46,0.44,3,Y
0.46,0.46,3,Y
0.46,0.48,3,Y
0.46,0.5,3,Y
0.47,0.2,1,Y
0.47,0.22,3,Y
0.47,0.24,1,Y
0.47,0.26,4,Y
0.47,0.28,3,Y
0.47,0.3,3,Y
0.47,0.32,1,Y
0.47,0.34,1,Y
0.47,0.36,3,Y
0.47,0.38,3,Y
0.47,0.4,2,Y
0.47,0.42,1,Y
0.47,0.44,3,Y
0.47,0.46,3,Y
0.47,0.48,3,Y
0.47,0.5,3,Y
0.48,0.2,3,Y
0.48,0.22,4,Y
0.48,0.24,3,Y
0.48,0.26,3,Y
0.48,0.28,3,Y
0.48,0.3,3,Y
0.48,0.32,3,Y
0.48,0.34,1,Y
0.48,0.36,3,Y
0.48,0.38,3,Y
0.48,0.4,3,Y
0.48,0.42,3,Y
0.48,0.44,3,Y
0.48,0.46,3,Y
0.48,0.48,3,Y
0.48,0.5,3,Y
0.49,0.2,3,Y
0.49,0.22,5,Y
0.49,0.24,4,Y
0.49,0.26,3,Y
0.49,0.28,2,Y
0.49,0.3,3,Y
0.49,0.32,3,Y
0.49,0.34,3,Y
0.49,0.36,3,Y
0.49,0.38,3,Y
0.49,0.4,3,Y
0.49,0.42,3,Y
0.49,0.44,3,Y
0.49,0.46,3,Y
0.49,0.48,3,Y
0.49,0.5,3,Y
0.5,0.2,6,Y
0.5,0.22,3,Y
0.5,0.24,3,Y
0.5,0.26,3,Y
0.5,0.28,3,Y
0.5,0.3,3,Y
0.5,0.32,3,Y
0.5,0.34,3,Y
0.5,0.36,3,Y
0.5,0.38,3,Y
0.5,0.4,3,Y
0.5,0.42,3,Y
0.5,0.44,3,Y
0.5,0.46,4,Y
0.5,0.48,3,Y
0.5,0.5,3,Y
0.51,0.2,15,Y
0.51,0.22,7,Y
0.51,0.24,3,Y
0.51,0.26,3,Y
0.51,0.28,3,Y
0.51,0.3,3,Y
0.51,0.32,3,Y
0.51,0.34,3,Y
0.51,0.36,3,Y
0.51,0.38,5,Y
0.51,0.4,4,Y
0.51,0.42,3,Y
0.51,0.44,3,Y
0.51,0.46,3,Y
0.51,0.48,3,Y
0.51,0.5,3,Y
0.21,0.2,1,MA
0.21,0.22,1,MA
0.21,0.24,1,MA
0.21,0.26,1,MA
0.21,0.28,1,MA
0.21,0.3,1,MA
0.21,0.32,1,MA
0.21,0.34,1,MA
0.21,0.36,1,MA
0.21,0.38,1,MA
0.21,0.4,1,MA
0.21,0.42,1,MA
0.21,0.44,1,MA
0.21,0.46,1,MA
0.21,0.48,3,MA
0.21,0.5,3,MA
0.22,0.2,1,MA
0.22,0.22,1,MA
0.22,0.24,1,MA
0.22,0.26,1,MA
0.22,0.28,1,MA
0.22,0.3,1,MA
0.22,0.32,1,MA
0.22,0.34,1,MA
0.22,0.36,1,MA
0.22,0.38,1,MA
0.22,0.4,1,MA
0.22,0.42,1,MA
0.22,0.44,3,MA
0.22,0.46,3,MA
0.22,0.48,3,MA
0.22,0.5,3,MA
0.23,0.2,1,MA
0.23,0.22,1,MA
0.23,0.24,1,MA
0.23,0.26,1,MA
0.23,0.28,1,MA
0.23,0.3,1,MA
0.23,0.32,1,MA
0.23,0.34,1,MA
0.23,0.36,1,MA
0.23,0.38,1,MA
0.23,0.4,1,MA
0.23,0.42,3,MA
0.23,0.44,3,MA
0.23,0.46,3,MA
0.23,0.48,3,MA
0.23,0.5,3,MA
0.24,0.2,1,MA
0.24,0.22,1,MA
0.24,0.24,1,MA
0.24,0.26,1,MA
0.24,0.28,1,MA
0.24,0.3,1,MA
0.24,0.32,1,MA
0.24,0.34,1,MA
0.24,0.36,1,MA
0.24,0.38,1,MA
0.24,0.4,1,MA
0.24,0.42,3,MA
0.24,0.44,3,MA
0.24,0.46,3,MA
0.24,0.48,3,MA
0.24,0.5,3,MA
0.25,0.2,1,MA
0.25,0.22,1,MA
0.25,0.24,1,MA
0.25,0.26,1,MA
0.25,0.28,1,MA
0.25,0.3,1,MA
0.25,0.32,1,MA
0.25,0.34,1,MA
0.25,0.36,1,MA
0.25,0.38,1,MA
0.25,0.4,1,MA
0.25,0.42,3,MA
0.25,0.44,3,MA
0.25,0.46,3,MA
0.25,0.48,3,MA
0.25,0.5,3,MA
0.26,0.2,1,MA
0.26,0.22,1,MA
0.26,0.24,1,MA
0.26,0.26,1,MA
0.26,0.28,1,MA
0.26,0.3,1,MA
0.26,0.32,1,MA
0.26,0.34,1,MA
0.26,0.36,1,MA
0.26,0.38,1,MA
0.26,0.4,1,MA
0.26,0.42,3,MA
0.26,0.44,3,MA
0.26,0.46,3,MA
0.26,0.48,3,MA
0.26,0.5,3,MA
0.27,0.2,1,MA
0.27,0.22,1,MA
0.27,0.24,1,MA
0.27,0.26,1,MA
0.27,0.28,1,MA
0.27,0.3,1,MA
0.27,0.32,1,MA
0.27,0.34,1,MA
0.27,0.36,1,MA
0.27,0.38,1,MA
0.27,0.4,1,MA
0.27,0.42,3,MA
0.27,0.44,3,MA
0.27,0.46,3,MA
0.27,0.48,3,MA
0.27,0.5,3,MA
0.28,0.2,1,MA
0.28,0.22,1,MA
0.28,0.24,1,MA
0.28,0.26,1,MA
0.28,0.28,1,MA
0.28,0.3,1,MA
0.28,0.32,1,MA
0.28,0.34,1,MA
0.28,0.36,1,MA
0.28,0.38,1,MA
0.28,0.4,1,MA
0.28,0.42,3,MA
0.28,0.44,3,MA
0.28,0.46,3,MA
0.28,0.48,3,MA
0.28,0.5,3,MA
0.29,0.2,1,MA
0.29,0.22,1,MA
0.29,0.24,1,MA
0.29,0.26,1,MA
0.29,0.28,1,MA
0.29,0.3,1,MA
0.29,0.32,1,MA
0.29,0.34,1,MA
0.29,0.36,1,MA
0.29,0.38,1,MA
0.29,0.4,1,MA
0.29,0.42,3,MA
0.29,0.44,3,MA
0.29,0.46,3,MA
0.29,0.48,3,MA
0.29,0.5,3,MA
0.3,0.2,1,MA
0.3,0.22,1,MA
0.3,0.24,1,MA
0.3,0.26,1,MA
0.3,0.28,1,MA
0.3,0.3,1,MA
0.3,0.32,1,MA
0.3,0.34,1,MA
0.3,0.36,1,MA
0.3,0.38,1,MA
0.3,0.4,1,MA
0.3,0.42,3,MA
0.3,0.44,3,MA
0.3,0.46,3,MA
0.3,0.48,3,MA
0.3,0.5,3,MA
0.31,0.2,1,MA
0.31,0.22,1,MA
0.31,0.24,1,MA
0.31,0.26,1,MA
0.31,0.28,1,MA
0.31,0.3,1,MA
0.31,0.32,1,MA
0.31,0.34,1,MA
0.31,0.36,1,MA
0.31,0.38,1,MA
0.31,0.4,1,MA
0.31,0.42,3,MA
0.31,0.44,3,MA
0.31,0.46,3,MA
0.31,0.48,3,MA
0.31,0.5,3,MA
0.32,0.2,1,MA
0.32,0.22,1,MA
0.32,0.24,1,MA
0.32,0.26,1,MA
0.32,0.28,1,MA
0.32,0.3,1,MA
0.32,0.32,1,MA
0.32,0.34,1,MA
0.32,0.36,1,MA
0.32,0.38,1,MA
0.32,0.4,1,MA
0.32,0.42,3,MA
0.32,0.44,3,MA
0.32,0.46,3,MA
0.32,0.48,3,MA
0.32,0.5,3,MA
0.33,0.2,1,MA
0.33,0.22,1,MA
0.33,0.24,1,MA
0.33,0.26,1,MA
0.33,0.28,1,MA
0.33,0.3,1,MA
0.33,0.32,1,MA
0.33,0.34,1,MA
0.33,0.36,1,MA
0.33,0.38,1,MA
0.33,0.4,1,MA
0.33,0.42,3,MA
0.33,0.44,3,MA
0.33,0.46,3,MA
0.33,0.48,3,MA
0.33,0.5,3,MA
0.34,0.2,1,MA
0.34,0.22,1,MA
0.34,0.24,1,MA
0.34,0.26,1,MA
0.34,0.28,1,MA
0.34,0.3,1,MA
0.34,0.32,1,MA
0.34,0.34,1,MA
0.34,0.36,1,MA
0.34,0.38,1,MA
0.34,0.4,1,MA
0.34,0.42,3,MA
0.34,0.44,3,MA
0.34,0.46,3,MA
0.34,0.48,3,MA
0.34,0.5,3,MA
0.35,0.2,1,MA
0.35,0.22,1,MA
0.35,0.24,1,MA
0.35,0.26,1,MA
0.35,0.28,1,MA
0.35,0.3,1,MA
0.35,0.32,1,MA
0.35,0.34,1,MA
0.35,0.36,1,MA
0.35,0.38,1,MA
0.35,0.4,1,MA
0.35,0.42,1,MA
0.35,0.44,3,MA
0.35,0.46,3,MA
0.35,0.48,3,MA
0.35,0.5,3,MA
0.36,0.2,1,MA
0.36,0.22,1,MA
0.36,0.24,1,MA
0.36,0.26,1,MA
0.36,0.28,1,MA
0.36,0.3,1,MA
0.36,0.32,1,MA
0.36,0.34,1,MA
0.36,0.36,1,MA
0.36,0.38,1,MA
0.36,0.4,1,MA
0.36,0.42,1,MA
0.36,0.44,3,MA
0.36,0.46,3,MA
0.36,0.48,3,MA
0.36,0.5,3,MA
0.37,0.2,1,MA
0.37,0.22,1,MA
0.37,0.24,1,MA
0.37,0.26,1,MA
0.37,0.28,1,MA
0.37,0.3,1,MA
0.37,0.32,1,MA
0.37,0.34,1,MA
0.37,0.36,1,MA
0.37,0.38,1,MA
0.37,0.4,1,MA
0.37,0.42,1,MA
0.37,0.44,3,MA
0.37,0.46,3,MA
0.37,0.48,3,MA
0.37,0.5,3,MA
0.38,0.2,1,MA
0.38,0.22,1,MA
0.38,0.24,1,MA
0.38,0.26,1,MA
0.38,0.28,1,MA
0.38,0.3,1,MA
0.38,0.32,1,MA
0.38,0.34,1,MA
0.38,0.36,1,MA
0.38,0.38,1,MA
0.38,0.4,1,MA
0.38,0.42,1,MA
0.38,0.44,3,MA
0.38,0.46,3,MA
0.38,0.48,3,MA
0.38,0.5,3,MA
0.39,0.2,1,MA
0.39,0.22,1,MA
0.39,0.24,1,MA
0.39,0.26,1,MA
0.39,0.28,1,MA
0.39,0.3,1,MA
0.39,0.32,1,MA
0.39,0.34,1,MA
0.39,0.36,1,MA
0.39,0.38,1,MA
0.39,0.4,1,MA
0.39,0.42,1,MA
0.39,0.44,3,MA
0.39,0.46,3,MA
0.39,0.48,3,MA
0.39,0.5,3,MA
0.4,0.2,1,MA
0.4,0.22,1,MA
0.4,0.24,1,MA
0.4,0.26,1,MA
0.4,0.28,1,MA
0.4,0.3,1,MA
0.4,0.32,1,MA
0.4,0.34,1,MA
0.4,0.36,1,MA
0.4,0.38,1,MA
0.4,0.4,1,MA
0.4,0.42,1,MA
0.4,0.44,3,MA
0.4,0.46,3,MA
0.4,0.48,3,MA
0.4,0.5,3,MA
0.41,0.2,1,MA
0.41,0.22,1,MA
0.41,0.24,1,MA
0.41,0.26,1,MA
0.41,0.28,1,MA
0.41,0.3,1,MA
0.41,0.32,1,MA
0.41,0.34,1,MA
0.41,0.36,1,MA
0.41,0.38,1,MA
0.41,0.4,1,MA
0.41,0.42,1,MA
0.41,0.44,3,MA
0.41,0.46,3,MA
0.41,0.48,3,MA
0.41,0.5,3,MA
0.42,0.2,1,MA
0.42,0.22,1,MA
0.42,0.24,1,MA
0.42,0.26,1,MA
0.42,0.28,1,MA
0.42,0.3,1,MA
0.42,0.32,1,MA
0.42,0.34,1,MA
0.42,0.36,1,MA
0.42,0.38,1,MA
0.42,0.4,1,MA
0.42,0.42,1,MA
0.42,0.44,3,MA
0.42,0.46,3,MA
0.42,0.48,3,MA
0.42,0.5,3,MA
0.43,0.2,1,MA
0.43,0.22,1,MA
0.43,0.24,1,MA
0.43,0.26,1,MA
0.43,0.28,1,MA
0.43,0.3,1,MA
0.43,0.32,1,MA
0.43,0.34,1,MA
0.43,0.36,1,MA
0.43,0.38,1,MA
0.43,0.4,1,MA
0.43,0.42,1,MA
0.43,0.44,3,MA
0.43,0.46,3,MA
0.43,0.48,3,MA
0.43,0.5,3,MA
0.44,0.2,1,MA
0.44,0.22,1,MA
0.44,0.24,1,MA
0.44,0.26,1,MA
0.44,0.28,1,MA
0.44,0.3,1,MA
0.44,0.32,1,MA
0.44,0.34,1,MA
0.44,0.36,1,MA
0.44,0.38,1,MA
0.44,0.4,1,MA
0.44,0.42,1,MA
0.44,0.44,3,MA
0.44,0.46,3,MA
0.44,0.48,3,MA
0.44,0.5,3,MA
0.45,0.2,1,MA
0.45,0.22,1,MA
0.45,0.24,1,MA
0.45,0.26,1,MA
0.45,0.28,1,MA
0.45,0.3,1,MA
0.45,0.32,1,MA
0.45,0.34,1,MA
0.45,0.36,1,MA
0.45,0.38,1,MA
0.45,0.4,1,MA
0.45,0.42,1,MA
0.45,0.44,3,MA
0.45,0.46,3,MA
0.45,0.48,3,MA
0.45,0.5,3,MA
0.46,0.2,1,MA
0.46,0.22,1,MA
0.46,0.24,1,MA
0.46,0.26,1,MA
0.46,0.28,1,MA
0.46,0.3,1,MA
0.46,0.32,1,MA
0.46,0.34,1,MA
0.46,0.36,1,MA
0.46,0.38,1,MA
0.46,0.4,1,MA
0.46,0.42,1,MA
0.46,0.44,3,MA
0.46,0.46,3,MA
0.46,0.48,3,MA
0.46,0.5,3,MA
0.47,0.2,1,MA
0.47,0.22,1,MA
0.47,0.24,1,MA
0.47,0.26,1,MA
0.47,0.28,1,MA
0.47,0.3,1,MA
0.47,0.32,1,MA
0.47,0.34,1,MA
0.47,0.36,1,MA
0.47,0.38,1,MA
0.47,0.4,1,MA
0.47,0.42,1,MA
0.47,0.44,1,MA
0.47,0.46,1,MA
0.47,0.48,1,MA
0.47,0.5,1,MA
0.48,0.2,1,MA
0.48,0.22,1,MA
0.48,0.24,1,MA
0.48,0.26,1,MA
0.48,0.28,1,MA
0.48,0.3,1,MA
0.48,0.32,1,MA
0.48,0.34,1,MA
0.48,0.36,1,MA
0.48,0.38,1,MA
0.48,0.4,1,MA
0.48,0.42,1,MA
0.48,0.44,1,MA
0.48,0.46,1,MA
0.48,0.48,1,MA
0.48,0.5,1,MA
0.49,0.2,1,MA
0.49,0.22,1,MA
0.49,0.24,1,MA
0.49,0.26,1,MA
0.49,0.28,1,MA
0.49,0.3,1,MA
0.49,0.32,1,MA
0.49,0.34,1,MA
0.49,0.36,1,MA
0.49,0.38,1,MA
0.49,0.4,1,MA
0.49,0.42,1,MA
0.49,0.44,1,MA
0.49,0.46,1,MA
0.49,0.48,1,MA
0.49,0.5,1,MA
0.5,0.2,1,MA
0.5,0.22,1,MA
0.5,0.24,1,MA
0.5,0.26,1,MA
0.5,0.28,1,MA
0.5,0.3,1,MA
0.5,0.32,1,MA
0.5,0.34,1,MA
0.5,0.36,1,MA
0.5,0.38,1,MA
0.5,0.4,1,MA
0.5,0.42,1,MA
0.5,0.44,1,MA
0.5,0.46,1,MA
0.5,0.48,1,MA
0.5,0.5,1,MA
0.51,0.2,1,MA
0.51,0.22,1,MA
0.51,0.24,1,MA
0.51,0.26,1,MA
0.51,0.28,1,MA
0.51,0.3,1,MA
0.51,0.32,1,MA
0.51,0.34,1,MA
0.51,0.36,1,MA
0.51,0.38,1,MA
0.51,0.4,1,MA
0.51,0.42,1,MA
0.51,0.44,1,MA
0.51,0.46,1,MA
0.51,0.48,1,MA
0.51,0.5,1,MA
0.21,0.2,1,A
0.21,0.22,1,A
0.21,0.24,1,A
0.21,0.26,1,A
0.21,0.28,1,A
0.21,0.3,1,A
0.21,0.32,1,A
0.21,0.34,1,A
0.21,0.36,1,A
0.21,0.38,1,A
0.21,0.4,1,A
0.21,0.42,3,A
0.21,0.44,3,A
0.21,0.46,3,A
0.21,0.48,2,A
0.21,0.5,2,A
0.22,0.2,1,A
0.22,0.22,1,A
0.22,0.24,1,A
0.22,0.26,1,A
0.22,0.28,1,A
0.22,0.3,1,A
0.22,0.32,1,A
0.22,0.34,1,A
0.22,0.36,1,A
0.22,0.38,3,A
0.22,0.4,3,A
0.22,0.42,3,A
0.22,0.44,3,A
0.22,0.46,2,A
0.22,0.48,2,A
0.22,0.5,2,A
0.23,0.2,1,A
0.23,0.22,1,A
0.23,0.24,1,A
0.23,0.26,1,A
0.23,0.28,1,A
0.23,0.3,1,A
0.23,0.32,1,A
0.23,0.34,1,A
0.23,0.36,1,A
0.23,0.38,3,A
0.23,0.4,3,A
0.23,0.42,3,A
0.23,0.44,2,A
0.23,0.46,2,A
0.23,0.48,2,A
0.23,0.5,2,A
0.24,0.2,1,A
0.24,0.22,1,A
0.24,0.24,1,A
0.24,0.26,1,A
0.24,0.28,1,A
0.24,0.3,1,A
0.24,0.32,1,A
0.24,0.34,1,A
0.24,0.36,3,A
0.24,0.38,3,A
0.24,0.4,3,A
0.24,0.42,3,A
0.24,0.44,2,A
0.24,0.46,2,A
0.24,0.48,2,A
0.24,0.5,2,A
0.25,0.2,1,A
0.25,0.22,1,A
0.25,0.24,1,A
0.25,0.26,1,A
0.25,0.28,1,A
0.25,0.3,1,A
0.25,0.32,1,A
0.25,0.34,1,A
0.25,0.36,3,A
0.25,0.38,3,A
0.25,0.4,3,A
0.25,0.42,3,A
0.25,0.44,3,A
0.25,0.46,2,A
0.25,0.48,2,A
0.25,0.5,2,A
0.26,0.2,1,A
0.26,0.22,1,A
0.26,0.24,1,A
0.26,0.26,1,A
0.26,0.28,1,A
0.26,0.3,1,A
0.26,0.32,1,A
0.26,0.34,1,A
0.26,0.36,3,A
0.26,0.38,3,A
0.26,0.4,3,A
0.26,0.42,3,A
0.26,0.44,3,A
0.26,0.46,2,A
0.26,0.48,2,A
0.26,0.5,2,A
0.27,0.2,1,A
0.27,0.22,1,A
0.27,0.24,1,A
0.27,0.26,1,A
0.27,0.28,1,A
0.27,0.3,1,A
0.27,0.32,1,A
0.27,0.34,1,A
0.27,0.36,1,A
0.27,0.38,3,A
0.27,0.4,3,A
0.27,0.42,3,A
0.27,0.44,3,A
0.27,0.46,2,A
0.27,0.48,2,A
0.27,0.5,2,A
0.28,0.2,1,A
0.28,0.22,1,A
0.28,0.24,1,A
0.28,0.26,1,A
0.28,0.28,1,A
0.28,0.3,1,A
0.28,0.32,1,A
0.28,0.34,1,A
0.28,0.36,1,A
0.28,0.38,3,A
0.28,0.4,3,A
0.28,0.42,3,A
0.28,0.44,3,A
0.28,0.46,2,A
0.28,0.48,2,A
0.28,0.5,2,A
0.29,0.2,1,A
0.29,0.22,1,A
0.29,0.24,1,A
0.29,0.26,1,A
0.29,0.28,1,A
0.29,0.3,1,A
0.29,0.32,1,A
0.29,0.34,1,A
0.29,0.36,1,A
0.29,0.38,3,A
0.29,0.4,3,A
0.29,0.42,3,A
0.29,0.44,3,A
0.29,0.46,3,A
0.29,0.48,2,A
0.29,0.5,2,A
0.3,0.2,1,A
0.3,0.22,1,A
0.3,0.24,1,A
0.3,0.26,1,A
0.3,0.28,1,A
0.3,0.3,1,A
0.3,0.32,1,A
0.3,0.34,1,A
0.3,0.36,1,A
0.3,0.38,3,A
0.3,0.4,3,A
0.3,0.42,3,A
0.3,0.44,3,A
0.3,0.46,3,A
0.3,0.48,2,A
0.3,0.5,2,A
0.31,0.2,1,A
0.31,0.22,1,A
0.31,0.24,1,A
0.31,0.26,1,A
0.31,0.28,1,A
0.31,0.3,1,A
0.31,0.32,1,A
0.31,0.34,1,A
0.31,0.36,1,A
0.31,0.38,3,A
0.31,0.4,3,A
0.31,0.42,3,A
0.31,0.44,3,A
0.31,0.46,3,A
0.31,0.48,2,A
0.31,0.5,2,A
0.32,0.2,1,A
0.32,0.22,1,A
0.32,0.24,1,A
0.32,0.26,1,A
0.32,0.28,1,A
0.32,0.3,1,A
0.32,0.32,1,A
0.32,0.34,1,A
0.32,0.36,1,A
0.32,0.38,3,A
0.32,0.4,3,A
0.32,0.42,3,A
0.32,0.44,3,A
0.32,0.46,3,A
0.32,0.48,3,A
0.32,0.5,2,A
0.33,0.2,1,A
0.33,0.22,1,A
0.33,0.24,1,A
0.33,0.26,1,A
0.33,0.28,1,A
0.33,0.3,1,A
0.33,0.32,1,A
0.33,0.34,1,A
0.33,0.36,1,A
0.33,0.38,1,A
0.33,0.4,3,A
0.33,0.42,3,A
0.33,0.44,3,A
0.33,0.46,3,A
0.33,0.48,3,A
0.33,0.5,2,A
0.34,0.2,1,A
0.34,0.22,1,A
0.34,0.24,1,A
0.34,0.26,1,A
0.34,0.28,1,A
0.34,0.3,1,A
0.34,0.32,1,A
0.34,0.34,1,A
0.34,0.36,1,A
0.34,0.38,1,A
0.34,0.4,3,A
0.34,0.42,3,A
0.34,0.44,3,A
0.34,0.46,3,A
0.34,0.48,3,A
0.34,0.5,2,A
0.35,0.2,1,A
0.35,0.22,1,A
0.35,0.24,1,A
0.35,0.26,1,A
0.35,0.28,1,A
0.35,0.3,1,A
0.35,0.32,1,A
0.35,0.34,1,A
0.35,0.36,1,A
0.35,0.38,1,A
0.35,0.4,3,A
0.35,0.42,3,A
0.35,0.44,3,A
0.35,0.46,3,A
0.35,0.48,3,A
0.35,0.5,2,A
0.36,0.2,1,A
0.36,0.22,1,A
0.36,0.24,1,A
0.36,0.26,1,A
0.36,0.28,1,A
0.36,0.3,1,A
0.36,0.32,1,A
0.36,0.34,1,A
0.36,0.36,1,A
0.36,0.38,1,A
0.36,0.4,3,A
0.36,0.42,3,A
0.36,0.44,3,A
0.36,0.46,3,A
0.36,0.48,3,A
0.36,0.5,2,A
0.37,0.2,1,A
0.37,0.22,1,A
0.37,0.24,1,A
0.37,0.26,1,A
0.37,0.28,1,A
0.37,0.3,1,A
0.37,0.32,1,A
0.37,0.34,1,A
0.37,0.36,1,A
0.37,0.38,1,A
0.37,0.4,3,A
0.37,0.42,3,A
0.37,0.44,3,A
0.37,0.46,3,A
0.37,0.48,3,A
0.37,0.5,3,A
0.38,0.2,1,A
0.38,0.22,1,A
0.38,0.24,1,A
0.38,0.26,1,A
0.38,0.28,1,A
0.38,0.3,1,A
0.38,0.32,1,A
0.38,0.34,1,A
0.38,0.36,1,A
0.38,0.38,1,A
0.38,0.4,3,A
0.38,0.42,3,A
0.38,0.44,3,A
0.38,0.46,3,A
0.38,0.48,3,A
0.38,0.5,3,A
0.39,0.2,1,A
0.39,0.22,1,A
0.39,0.24,1,A
0.39,0.26,1,A
0.39,0.28,1,A
0.39,0.3,1,A
0.39,0.32,1,A
0.39,0.34,1,A
0.39,0.36,1,A
0.39,0.38,1,A
0.39,0.4,1,A
0.39,0.42,3,A
0.39,0.44,3,A
0.39,0.46,3,A
0.39,0.48,3,A
0.39,0.5,3,A
0.4,0.2,1,A
0.4,0.22,1,A
0.4,0.24,1,A
0.4,0.26,1,A
0.4,0.28,1,A
0.4,0.3,1,A
0.4,0.32,1,A
0.4,0.34,1,A
0.4,0.36,1,A
0.4,0.38,1,A
0.4,0.4,1,A
0.4,0.42,3,A
0.4,0.44,3,A
0.4,0.46,3,A
0.4,0.48,3,A
0.4,0.5,3,A
0.41,0.2,1,A
0.41,0.22,1,A
0.41,0.24,1,A
0.41,0.26,1,A
0.41,0.28,1,A
0.41,0.3,1,A
0.41,0.32,1,A
0.41,0.34,1,A
0.41,0.36,1,A
0.41,0.38,1,A
0.41,0.4,1,A
0.41,0.42,3,A
0.41,0.44,3,A
0.41,0.46,3,A
0.41,0.48,3,A
0.41,0.5,3,A
0.42,0.2,1,A
0.42,0.22,1,A
0.42,0.24,1,A
0.42,0.26,1,A
0.42,0.28,1,A
0.42,0.3,1,A
0.42,0.32,1,A
0.42,0.34,1,A
0.42,0.36,1,A
0.42,0.38,1,A
0.42,0.4,1,A
0.42,0.42,3,A
0.42,0.44,3,A
0.42,0.46,3,A
0.42,0.48,3,A
0.42,0.5,3,A
0.43,0.2,1,A
0.43,0.22,1,A
0.43,0.24,1,A
0.43,0.26,1,A
0.43,0.28,1,A
0.43,0.3,1,A
0.43,0.32,1,A
0.43,0.34,1,A
0.43,0.36,1,A
0.43,0.38,1,A
0.43,0.4,1,A
0.43,0.42,3,A
0.43,0.44,3,A
0.43,0.46,3,A
0.43,0.48,3,A
0.43,0.5,3,A
0.44,0.2,1,A
0.44,0.22,1,A
0.44,0.24,1,A
0.44,0.26,1,A
0.44,0.28,1,A
0.44,0.3,1,A
0.44,0.32,1,A
0.44,0.34,1,A
0.44,0.36,1,A
0.44,0.38,1,A
0.44,0.4,1,A
0.44,0.42,3,A
0.44,0.44,3,A
0.44,0.46,3,A
0.44,0.48,3,A
0.44,0.5,3,A
0.45,0.2,1,A
0.45,0.22,1,A
0.45,0.24,1,A
0.45,0.26,1,A
0.45,0.28,1,A
0.45,0.3,1,A
0.45,0.32,1,A
0.45,0.34,1,A
0.45,0.36,1,A
0.45,0.38,1,A
0.45,0.4,1,A
0.45,0.42,3,A
0.45,0.44,3,A
0.45,0.46,3,A
0.45,0.48,3,A
0.45,0.5,3,A
0.46,0.2,1,A
0.46,0.22,1,A
0.46,0.24,1,A
0.46,0.26,1,A
0.46,0.28,1,A
0.46,0.3,1,A
0.46,0.32,1,A
0.46,0.34,1,A
0.46,0.36,1,A
0.46,0.38,1,A
0.46,0.4,1,A
0.46,0.42,3,A
0.46,0.44,3,A
0.46,0.46,3,A
0.46,0.48,3,A
0.46,0.5,3,A
0.47,0.2,1,A
0.47,0.22,1,A
0.47,0.24,1,A
0.47,0.26,1,A
0.47,0.28,1,A
0.47,0.3,1,A
0.47,0.32,1,A
0.47,0.34,1,A
0.47,0.36,1,A
0.47,0.38,1,A
0.47,0.4,1,A
0.47,0.42,1,A
0.47,0.44,1,A
0.47,0.46,1,A
0.47,0.48,1,A
0.47,0.5,1,A
0.48,0.2,1,A
0.48,0.22,1,A
0.48,0.24,1,A
0.48,0.26,1,A
0.48,0.28,1,A
0.48,0.3,1,A
0.48,0.32,1,A
0.48,0.34,1,A
0.48,0.36,1,A
0.48,0.38,1,A
0.48,0.4,1,A
0.48,0.42,1,A
0.48,0.44,1,A
0.48,0.46,1,A
0.48,0.48,1,A
0.48,0.5,1,A
0.49,0.2,1,A
0.49,0.22,1,A
0.49,0.24,1,A
0.49,0.26,1,A
0.49,0.28,1,A
0.49,0.3,1,A
0.49,0.32,1,A
0.49,0.34,1,A
0.49,0.36,1,A
0.49,0.38,1,A
0.49,0.4,1,A
0.49,0.42,1,A
0.49,0.44,1,A
0.49,0.46,1,A
0.49,0.48,1,A
0.49,0.5,1,A
0.5,0.2,1,A
0.5,0.22,1,A
0.5,0.24,1,A
0.5,0.26,1,A
0.5,0.28,1,A
0.5,0.3,1,A
0.5,0.32,1,A
0.5,0.34,1,A
0.5,0.36,1,A
0.5,0.38,1,A
0.5,0.4,1,A
0.5,0.42,1,A
0.5,0.44,1,A
0.5,0.46,1,A
0.5,0.48,1,A
0.5,0.5,1,A
0.51,0.2,1,A
0.51,0.22,1,A
0.51,0.24,1,A
0.51,0.26,1,A
0.51,0.28,1,A
0.51,0.3,1,A
0.51,0.32,1,A
0.51,0.34,1,A
0.51,0.36,1,A
0.51,0.38,1,A
0.51,0.4,1,A
0.51,0.42,1,A
0.51,0.44,1,A
0.51,0.46,1,A
0.51,0.48,1,A
0.51,0.5,1,A
